Part Number,Description,EAN,Free Stock
"17x1270li","Drive Belt",4010858361273,5
"3PK806ELAST","3 Rib Multi V Drive Belt",4010858543013,4
"4PK648","4 Rib Multi V Drive Belt",4010858479343,3
"BBA2071","Alternator",5055807748230,2
"BBD4099","Pair Brake Discs, Vented",5055188276629,4
"BBJ5424","Ball Joint",5055188223715,10
"BSK7214K","Anti Roll Bar Bush",5055592626850,2
"FCA5568","Track Control Arm",5038068087522,2
"FFP527","Fuel Pump",5038068059338,1
"FSK7676","Shock Absorber Bush",5038068482020,0
"KBD4318","Pair Brake Discs",5055591910509,0
"ZR 12 001Z","Oil Filter",4011558073626,8
